Subject,Date
"SARS Annual Tax Return Reminder",2024-01-15
"CIPC Company Annual Return Due",2024-03-20
"Invoice from Plimmer & Associates",2024-02-10
"Charisse Medical Aid Statement",2024-01-05
"Tax Clearance for Emigration Application",2024-04-01
"Share Sale Transaction Confirmation",2024-06-30
"Perfect Water Monthly P&L Report",2024-01-31
"Loyverse Sales Summary Export",2024-02-29
"Heavy Metal Sand Quote Request",2024-03-15
"FNB Bank Statement Available",2024-03-01
"Standard Bank Transaction Notification",2024-04-01
"WesBank Vehicle Finance Schedule",2024-03-10
"Austin ISD School Calendar Update",2024-01-10
"Eskom Electricity Bill",2024-03-25
"Municipal Rates and Taxes Invoice",2024-04-05
"The Browns Guest Booking Confirmation",2024-05-15
"Rivendell Estate Reservation",2024-06-20
"Household Budget Review",2024-01-01
"Monarch Credit Card Statement",2024-03-01
"Important Document Attached",2024-05-01
